<?xml version="1.0" encoding="UTF-8"?><MD_Metadata xmlns:xlink="http://www.w3.org/1999/xlink" xmlns:srv="http://www.isotc211.org/2005/srv" xmlns:gts="http://www.isotc211.org/2005/gts" xmlns:xalan="http://xml.apache.org/xalan" xmlns:gco="http://www.isotc211.org/2005/gco" xmlns:gml="http://www.opengis.net/gml" xmlns:xsi="http://www.w3.org/2001/XMLSchema-instance" xmlns="http://www.isotc211.org/2005/gmd">
    <characterSet>
        <MD_CharacterSetCode codeList="http://www.isotc211.org/2005/resources/Codelist/gmxCodelists.xml#MD_CharacterSetCode" codeListValue="utf8" codeSpace="ISOTC211/19115">utf8</MD_CharacterSetCode>
    </characterSet>
    <hierarchyLevel>
        <MD_ScopeCode codeList="http://www.isotc211.org/2005/resources/Codelist/gmxCodelists.xml#MD_ScopeCode" codeListValue="dataset" codeSpace="ISOTC211/19115">dataset</MD_ScopeCode>
    </hierarchyLevel>
    <hierarchyLevelName>
        <gco:CharacterString>dataset</gco:CharacterString>
    </hierarchyLevelName>
    <contact gco:nilReason="missing"/>
    <dateStamp gco:nilReason="missing"/>
    <metadataStandardName>
        <gco:CharacterString>ISO 19139 Geographic Information - Metadata - Implementation Specification</gco:CharacterString>
    </metadataStandardName>
    <metadataStandardVersion>
        <gco:CharacterString>2007</gco:CharacterString>
    </metadataStandardVersion>
    <identificationInfo>
        <MD_DataIdentification>
            <citation>
                <CI_Citation>
                    <title>
                        <gco:CharacterString>Map</gco:CharacterString>
                    </title>
                    <date gco:nilReason="missing"/>
                </CI_Citation>
            </citation>
            <abstract>
                <gco:CharacterString>Capa con los grandes ríos de Europa.Sistema de referencia WGS84 Web Mercator (Auxiliary Sphere)Fecha de actualización: 25/06/2012Fecha de publicación: 10/07/2016Esta capa pertenece a la Agencia Europea de Medio Ambiente, European Environment Agency (EEA).Para más información puede consultar este enlace</gco:CharacterString>
            </abstract>
            <purpose>
                <gco:CharacterString>Grandes Rios de Europa</gco:CharacterString>
            </purpose>
            <credit>
                <gco:CharacterString>European Environment Agency (EEA).</gco:CharacterString>
            </credit>
            <descriptiveKeywords>
                <MD_Keywords>
                    <keyword>
                        <gco:CharacterString>paisaje</gco:CharacterString>
                    </keyword>
                    <keyword>
                        <gco:CharacterString>landscape</gco:CharacterString>
                    </keyword>
                    <keyword>
                        <gco:CharacterString>agua</gco:CharacterString>
                    </keyword>
                    <keyword>
                        <gco:CharacterString>water</gco:CharacterString>
                    </keyword>
                    <keyword>
                        <gco:CharacterString>Esri Contenidos</gco:CharacterString>
                    </keyword>
                    <keyword>
                        <gco:CharacterString>europa</gco:CharacterString>
                    </keyword>
                    <keyword>
                        <gco:CharacterString>europe</gco:CharacterString>
                    </keyword>
                    <keyword>
                        <gco:CharacterString>rios</gco:CharacterString>
                    </keyword>
                    <keyword>
                        <gco:CharacterString>territorio</gco:CharacterString>
                    </keyword>
                    <keyword>
                        <gco:CharacterString>medio ambiente</gco:CharacterString>
                    </keyword>
                </MD_Keywords>
            </descriptiveKeywords>
            <descriptiveKeywords>
                <MD_Keywords>
                    <keyword>
                        <gco:CharacterString>paisaje</gco:CharacterString>
                    </keyword>
                    <keyword>
                        <gco:CharacterString>landscape</gco:CharacterString>
                    </keyword>
                    <keyword>
                        <gco:CharacterString>agua</gco:CharacterString>
                    </keyword>
                    <keyword>
                        <gco:CharacterString>water</gco:CharacterString>
                    </keyword>
                    <keyword>
                        <gco:CharacterString>Esri Contenidos</gco:CharacterString>
                    </keyword>
                    <keyword>
                        <gco:CharacterString>europa</gco:CharacterString>
                    </keyword>
                    <keyword>
                        <gco:CharacterString>europe</gco:CharacterString>
                    </keyword>
                    <keyword>
                        <gco:CharacterString>rios</gco:CharacterString>
                    </keyword>
                    <keyword>
                        <gco:CharacterString>territorio</gco:CharacterString>
                    </keyword>
                    <keyword>
                        <gco:CharacterString>medio ambiente</gco:CharacterString>
                    </keyword>
                </MD_Keywords>
            </descriptiveKeywords>
            <descriptiveKeywords>
                <MD_Keywords>
                    <keyword>
                        <gco:CharacterString>paisaje</gco:CharacterString>
                    </keyword>
                    <keyword>
                        <gco:CharacterString>landscape</gco:CharacterString>
                    </keyword>
                    <keyword>
                        <gco:CharacterString>agua</gco:CharacterString>
                    </keyword>
                    <keyword>
                        <gco:CharacterString>water</gco:CharacterString>
                    </keyword>
                    <keyword>
                        <gco:CharacterString>Esri Contenidos</gco:CharacterString>
                    </keyword>
                    <keyword>
                        <gco:CharacterString>europa</gco:CharacterString>
                    </keyword>
                    <keyword>
                        <gco:CharacterString>europe</gco:CharacterString>
                    </keyword>
                    <keyword>
                        <gco:CharacterString>rios</gco:CharacterString>
                    </keyword>
                    <keyword>
                        <gco:CharacterString>territorio</gco:CharacterString>
                    </keyword>
                    <keyword>
                        <gco:CharacterString>medio ambiente</gco:CharacterString>
                    </keyword>
                </MD_Keywords>
            </descriptiveKeywords>
            <descriptiveKeywords>
                <MD_Keywords>
                    <keyword>
                        <gco:CharacterString>paisaje</gco:CharacterString>
                    </keyword>
                    <keyword>
                        <gco:CharacterString>landscape</gco:CharacterString>
                    </keyword>
                    <keyword>
                        <gco:CharacterString>agua</gco:CharacterString>
                    </keyword>
                    <keyword>
                        <gco:CharacterString>water</gco:CharacterString>
                    </keyword>
                    <keyword>
                        <gco:CharacterString>Esri Contenidos</gco:CharacterString>
                    </keyword>
                    <keyword>
                        <gco:CharacterString>europa</gco:CharacterString>
                    </keyword>
                    <keyword>
                        <gco:CharacterString>europe</gco:CharacterString>
                    </keyword>
                    <keyword>
                        <gco:CharacterString>rios</gco:CharacterString>
                    </keyword>
                    <keyword>
                        <gco:CharacterString>territorio</gco:CharacterString>
                    </keyword>
                    <keyword>
                        <gco:CharacterString>medio ambiente</gco:CharacterString>
                    </keyword>
                </MD_Keywords>
            </descriptiveKeywords>
            <descriptiveKeywords>
                <MD_Keywords>
                    <keyword>
                        <gco:CharacterString>paisaje</gco:CharacterString>
                    </keyword>
                    <keyword>
                        <gco:CharacterString>landscape</gco:CharacterString>
                    </keyword>
                    <keyword>
                        <gco:CharacterString>agua</gco:CharacterString>
                    </keyword>
                    <keyword>
                        <gco:CharacterString>water</gco:CharacterString>
                    </keyword>
                    <keyword>
                        <gco:CharacterString>Esri Contenidos</gco:CharacterString>
                    </keyword>
                    <keyword>
                        <gco:CharacterString>europa</gco:CharacterString>
                    </keyword>
                    <keyword>
                        <gco:CharacterString>europe</gco:CharacterString>
                    </keyword>
                    <keyword>
                        <gco:CharacterString>rios</gco:CharacterString>
                    </keyword>
                    <keyword>
                        <gco:CharacterString>territorio</gco:CharacterString>
                    </keyword>
                    <keyword>
                        <gco:CharacterString>medio ambiente</gco:CharacterString>
                    </keyword>
                </MD_Keywords>
            </descriptiveKeywords>
            <descriptiveKeywords>
                <MD_Keywords>
                    <keyword>
                        <gco:CharacterString>paisaje</gco:CharacterString>
                    </keyword>
                    <keyword>
                        <gco:CharacterString>landscape</gco:CharacterString>
                    </keyword>
                    <keyword>
                        <gco:CharacterString>agua</gco:CharacterString>
                    </keyword>
                    <keyword>
                        <gco:CharacterString>water</gco:CharacterString>
                    </keyword>
                    <keyword>
                        <gco:CharacterString>Esri Contenidos</gco:CharacterString>
                    </keyword>
                    <keyword>
                        <gco:CharacterString>europa</gco:CharacterString>
                    </keyword>
                    <keyword>
                        <gco:CharacterString>europe</gco:CharacterString>
                    </keyword>
                    <keyword>
                        <gco:CharacterString>rios</gco:CharacterString>
                    </keyword>
                    <keyword>
                        <gco:CharacterString>territorio</gco:CharacterString>
                    </keyword>
                    <keyword>
                        <gco:CharacterString>medio ambiente</gco:CharacterString>
                    </keyword>
                </MD_Keywords>
            </descriptiveKeywords>
            <descriptiveKeywords>
                <MD_Keywords>
                    <keyword>
                        <gco:CharacterString>paisaje</gco:CharacterString>
                    </keyword>
                    <keyword>
                        <gco:CharacterString>landscape</gco:CharacterString>
                    </keyword>
                    <keyword>
                        <gco:CharacterString>agua</gco:CharacterString>
                    </keyword>
                    <keyword>
                        <gco:CharacterString>water</gco:CharacterString>
                    </keyword>
                    <keyword>
                        <gco:CharacterString>Esri Contenidos</gco:CharacterString>
                    </keyword>
                    <keyword>
                        <gco:CharacterString>europa</gco:CharacterString>
                    </keyword>
                    <keyword>
                        <gco:CharacterString>europe</gco:CharacterString>
                    </keyword>
                    <keyword>
                        <gco:CharacterString>rios</gco:CharacterString>
                    </keyword>
                    <keyword>
                        <gco:CharacterString>territorio</gco:CharacterString>
                    </keyword>
                    <keyword>
                        <gco:CharacterString>medio ambiente</gco:CharacterString>
                    </keyword>
                </MD_Keywords>
            </descriptiveKeywords>
            <descriptiveKeywords>
                <MD_Keywords>
                    <keyword>
                        <gco:CharacterString>paisaje</gco:CharacterString>
                    </keyword>
                    <keyword>
                        <gco:CharacterString>landscape</gco:CharacterString>
                    </keyword>
                    <keyword>
                        <gco:CharacterString>agua</gco:CharacterString>
                    </keyword>
                    <keyword>
                        <gco:CharacterString>water</gco:CharacterString>
                    </keyword>
                    <keyword>
                        <gco:CharacterString>Esri Contenidos</gco:CharacterString>
                    </keyword>
                    <keyword>
                        <gco:CharacterString>europa</gco:CharacterString>
                    </keyword>
                    <keyword>
                        <gco:CharacterString>europe</gco:CharacterString>
                    </keyword>
                    <keyword>
                        <gco:CharacterString>rios</gco:CharacterString>
                    </keyword>
                    <keyword>
                        <gco:CharacterString>territorio</gco:CharacterString>
                    </keyword>
                    <keyword>
                        <gco:CharacterString>medio ambiente</gco:CharacterString>
                    </keyword>
                </MD_Keywords>
            </descriptiveKeywords>
            <descriptiveKeywords>
                <MD_Keywords>
                    <keyword>
                        <gco:CharacterString>paisaje</gco:CharacterString>
                    </keyword>
                    <keyword>
                        <gco:CharacterString>landscape</gco:CharacterString>
                    </keyword>
                    <keyword>
                        <gco:CharacterString>agua</gco:CharacterString>
                    </keyword>
                    <keyword>
                        <gco:CharacterString>water</gco:CharacterString>
                    </keyword>
                    <keyword>
                        <gco:CharacterString>Esri Contenidos</gco:CharacterString>
                    </keyword>
                    <keyword>
                        <gco:CharacterString>europa</gco:CharacterString>
                    </keyword>
                    <keyword>
                        <gco:CharacterString>europe</gco:CharacterString>
                    </keyword>
                    <keyword>
                        <gco:CharacterString>rios</gco:CharacterString>
                    </keyword>
                    <keyword>
                        <gco:CharacterString>territorio</gco:CharacterString>
                    </keyword>
                    <keyword>
                        <gco:CharacterString>medio ambiente</gco:CharacterString>
                    </keyword>
                </MD_Keywords>
            </descriptiveKeywords>
            <descriptiveKeywords>
                <MD_Keywords>
                    <keyword>
                        <gco:CharacterString>paisaje</gco:CharacterString>
                    </keyword>
                    <keyword>
                        <gco:CharacterString>landscape</gco:CharacterString>
                    </keyword>
                    <keyword>
                        <gco:CharacterString>agua</gco:CharacterString>
                    </keyword>
                    <keyword>
                        <gco:CharacterString>water</gco:CharacterString>
                    </keyword>
                    <keyword>
                        <gco:CharacterString>Esri Contenidos</gco:CharacterString>
                    </keyword>
                    <keyword>
                        <gco:CharacterString>europa</gco:CharacterString>
                    </keyword>
                    <keyword>
                        <gco:CharacterString>europe</gco:CharacterString>
                    </keyword>
                    <keyword>
                        <gco:CharacterString>rios</gco:CharacterString>
                    </keyword>
                    <keyword>
                        <gco:CharacterString>territorio</gco:CharacterString>
                    </keyword>
                    <keyword>
                        <gco:CharacterString>medio ambiente</gco:CharacterString>
                    </keyword>
                </MD_Keywords>
            </descriptiveKeywords>
            <resourceConstraints>
                <MD_Constraints>
                    <useLimitation>
                        <gco:CharacterString>EEA standard re-use policy: unless otherwise indicated, re-use of content on the EEA website for commercial or non-commercial purposes is permitted free of charge, provided that the source is acknowledged (http://www.eea.europa.eu/legal/copyright). Copyright holder: European Environment Agency (EEA).</gco:CharacterString>
                    </useLimitation>
                </MD_Constraints>
            </resourceConstraints>
            <language gco:nilReason="missing"/>
            <characterSet>
                <MD_CharacterSetCode codeList="http://www.isotc211.org/2005/resources/Codelist/gmxCodelists.xml#MD_CharacterSetCode" codeListValue="utf8" codeSpace="ISOTC211/19115">utf8</MD_CharacterSetCode>
            </characterSet>
        </MD_DataIdentification>
    </identificationInfo>
</MD_Metadata>
